	precision	recall	f1-score	support
Incorrect MWE	0.7079389822959581	0.9730639730639731	0.8195939413470835	6534.0
Correct MWE	0.9628691983122363	0.6350354807290942	0.7653223777982728	7187.0
accuracy	0.7960061220027694	0.7960061220027694	0.7960061220027694	0.7960061220027694
macro avg	0.8354040903040971	0.8040497268965336	0.7924581595726782	13721.0
weighted avg	0.8414703183872774	0.7960061220027694	0.7911667328910451	13721.0
